body,title,url
,,
"La crisis fiscal que hundió la economía de Nueva York en los primeros setenta supuso la calificación de muchos terrenos como “dese­chados”, una imagen quizá difícil de imaginar en el Manhattan actual. La huida de la clase media a los suburbios, que arruinó las cuentas municipales; el aumento de la tasa de criminalidad y la construcción masiva de décadas anteriores empezaron a generar un paisaje de edificios a medio construir en barrios donde nadie quería vivir. Población de origen migrante ocupó esos espacios liberados de la frenética compraventa y los convirtió en lugares habitables en sentidos poco ortodoxos. Fue el bum de los jardines comunitarios en solares, parques públicos y lugares de reunión, a veces rodeados de basura.",Jardines secretos en la jungla de asfalto: cómo resistir a la especulación plantando un árbol,https://elpais.com/babelia/2022-07-09/life-between-buildings-como-resistir-a-la-especulacion-en-nueva-york-plantando-un-jardin.html
,,
"Montecarlo, Mónaco, 19 de abril de 1956. La catedral de San Nicolás de la pequeña capital del principado se vestía de gala para ver a su soberano, el príncipe Raniero, contraer matrimonio con la estrella de Hollywood del momento: Grace Kelly, a partir de ahora, Su Alteza Serenísima Gracia Patricia de Mónaco. La boda fue de ensueño y los otros 25 años que el matrimonio disfrutó de su mutua compañía, hasta la muerte de la princesa, también fueron apacibles. Pero en estos sesenta y seis años mucho ha cambiado Mónaco, el mundo y los Grimaldi —el apellido familiar—, que se han ramificado hasta convertirse en una importante dinastía con poderosa presencia en la prensa, ya sea del corazón, del espectáculo, del deporte, del medio ambiente o de la política.",¿Quién es quién en la familia real de Mónaco? Un repaso a los Grimaldi por el Baile de la Rosa,https://elpais.com/gente/2022-07-08/quien-es-quien-en-la-familia-real-de-monaco-un-repaso-a-los-grimaldi-por-el-baile-de-la-rosa.html?autoplay=1
,,
"La consciencia es el estado de la mente que nos permite darnos cuenta de nuestra propia existencia, de la de las demás personas y de las cosas que pasan en el mundo en que vivimos. La crean millones de neuronas que radican en los lóbulos temporal, parietal, y occipital del cerebro, es decir, en la corteza cerebral posterior, un conocimiento que, tarde o temprano, puede hacer posible la recuperación del estado consciente en quienes lo han perdido por accidente o enfermedad y yacen inconscientes en una unidad hospitalaria de cuidados intensivos.",¿Es la consciencia una ilusión intrascendente?,https://elpais.com/ciencia/materia-gris/2022-07-09/es-la-consciencia-una-ilusion-intrascendente.html
,,
"His films have earned more than $10 billion (€9.64 billion), he is one of the 10 highest-grossing actors in history, he currently has two successful movies (Thor: Love and Thunder and Jurassic World: Dominion) and Amazon Prime just released his production, The Terminal List, for which he earned a million and a half dollars for each of its eight episodes. His third child—a daughter—was born just a month ago, and his marriage to Katherine Schwarzenegger seems to be the picture of domestic bliss. However, judging by his latest comments to Men’s Health, the 43-year-old, Virginia-born Chris Pratt does not seem to be a completely happy man. Why? He feels that the public doesn’t like him, or rather that he has become a favorite target of the cesspool that is social media. “Why are they coming after me?” he wonders.",‘One has to go’: How Chris Pratt became the least liked of all of Hollywood’s actors named Chris,https://english.elpais.com/culture/2022-07-09/one-has-to-go-how-chris-pratt-became-the-least-liked-of-all-of-hollywoods-actors-named-chris.html
,,
"Una valla de dos metros y medio rodea el imponente edificio del Tribunal Supremo en Washington. Está allí desde mayo pasado, cuando se filtró el borrador de la sentencia que hace dos semanas derogó el derecho federal al aborto, y es tentador contemplarla como el símbolo del abismo que separa a sus nueve jueces de la sociedad cuyo destino tienen en sus manos: solo una cuarta parte de los estadounidenses confía en ellos, un mínimo histórico, según la encuestadora Gallup.",La revolución conservadora del Supremo de Estados Unidos está lista para su segundo asalto,https://elpais.com/internacional/2022-07-09/la-revolucion-conservadora-del-supremo-de-estados-unidos-prepara-su-segundo-asalto.html
,,
"El miércoles, la tasa de inflación implícita a cinco años cayó a un 2,48%. Si esto no le dice nada —lo cual es totalmente justificable si usted no es un observador profesional de la economía—, intente lo siguiente: el precio al por mayor de la gasolina ha bajado unos 20 centavos el litro desde su máximo hace un mes. Por ahora, solo una pequeña parte de esta reducción ha llegado a los consumidores, pero en las próximas semanas es probable que nos encontremos con una amplia bajada de los precios en las gasolineras. Dicho sea de paso: ¿qué probabilidades hay de que el descenso del precio de la gasolina reciba siquiera una pequeña parte de la atención que los medios de comunicación han dedicado a la subida?",Remite el riesgo de estanflación,https://elpais.com/economia/negocios/2022-07-09/remite-el-riesgo-de-estanflacion.html
,,
"Experts believe that within a decade brain implants and sensors will be commonplace. Neurotechnology – the field that develops tools to interact directly with the nervous system – makes incredible promises and causes understandable misgivings. Its advance is unstoppable and it is nurtured with billions of dollars from investors such as Tesla founder Elon Musk and Facebook. But neuroscience is so complex it must move in very small steps towards that future. Now there is a new focus that could prove to be of huge benefit to this path: an artificial simulation of a neuronal connection made of organic material, which will allow for a better connection with living cells.",New advance in brain-machine interfaces: Artificial neurons command Venus flytrap to snap shut,https://english.elpais.com/science-tech/2022-02-24/new-advance-in-brain-machine-interfaces-artificial-neurons-command-venus-flytrap-to-snap-shut.html
,,
"En momentos de incertidumbre económica, el consumo suele retraerse. No siempre ocurre lo mismo en Argentina. La semana pasada, cuando el peso se devaluó de golpe respecto al dólar en el mercado paralelo, aumentó la compra de bienes durables, como electrodomésticos y tecnología. La renuncia del ministro de Economía de Argentina, Martín Guzmán, el sábado por la tarde, aceleró la fiebre consumista de la clase media. “El fin de semana, que casi no habíamos tocado las listas [de precios] triplicamos las ventas”, cuenta Matías Muñiz, dueño de un pequeño negocio de electrodomésticos en el barrio de Villa Ortúzar, en Buenos Aires. Lavadoras, neveras y microondas embalados se acumulan en el interior de la tienda, a la espera de ser enviadas a los hogares de sus nuevos dueños.","Los argentinos se lanzan a las tiendas ante una nueva crisis del peso: “Si ves algo, compra”",https://elpais.com/argentina/2022-07-06/la-crisis-austral-argentina-vive-una-agonia-lenta-que-no-termina.html
,,
"Aproveche. Que el viaje en metro no sea en balde: quítese unos cuantos correos. Y en el ascensor, nada de mirar pensativo la luz que brinca de planta en planta: responda a esos mensajes que escuecen en el bolsillo. ¿Esperar en el café donde ha quedado viendo la gente pasar? ¡Qué va! Es el momento de enviar audios sobre cuitas laborales. Ni siquiera la almohada significa ya la placidez del punto final: ahora es un soporte más para consultar documentos atrasados.",La tiranía de la vida eficiente: ¿alguien es capaz de no hacer nada? ,https://elpais.com/ideas/2022-07-03/la-tirania-de-la-vida-eficiente-alguien-es-capaz-de-no-hacer-nada.html
,,
"¿Cómo se sobrevive al éxito prematuro de una canción excepcional? Mal que bien, a juzgar por lo que se afirma en a-ha: La película, el documental sobre la banda noruega que se estrena en España el 8 de julio. Si algo tienen en común los miembros del grupo, además de una poco menos que risible tendencia a despotricar unos de otros, es que los tres detestan Take On Me.",A-ha: cómo tres tipos que no se soportan sobrevivieron a la canción pop más grande de los ochenta ,https://elpais.com/icon/2022-06-30/a-ha-como-tres-tipos-que-no-se-soportan-sobrevivieron-a-la-cancion-pop-mas-grande-de-los-ochenta.html
,,
"Toure Chekime lleva 12 años viviendo en una chabola de uno de los asentamientos de Moguer (22.061 habitantes, Huelva), el tiempo que ha pasado desde que se trasladó de Barcelona a Huelva, tras llegar a España en patera desde Malí. Desde que en 2018 consiguió regularizar su situación, puede encadenar las campañas de la fresa en los invernaderos onubenses con la recogida de fruta y cebolla en Lleida, donde se encuentra trabajando estos días. Ahora que tiene sus papeles en regla, quiere traer a su mujer y sus hijos de su país y para ello necesita alquilar un piso, una tarea que en esta provincia andaluza es una misión prácticamente imposible. A la falta de albergues para jornaleros y de vivienda en general se suma la reticencia de los propietarios a arrendar a temporeros. Esta circunstancia explica, en buena medida, que los poblados chabolistas que empezaron a levantarse a comienzos de siglo se hayan convertido en barrios aledaños de los municipios de Moguer, Lepe, Lucena del Puerto y Palos de la Frontera.",Primer paso en firme para erradicar en Huelva las chabolas en las que malviven los temporeros,https://elpais.com/espana/2022-07-09/primer-paso-en-firme-para-erradicar-en-huelva-las-chabolas-en-las-que-malviven-los-temporeros.html
,,
"Yuridia Brito, una mujer de 46 años originaria de Tabasco, ha sido condenada a 43 años de prisión en el Estado de México por asesinar a su pareja con la misma arma con la que él le había disparado. La madre de dos hijos sobrevivió a un atentado contra su vida a manos del hombre que la violentó por siete años, sin embargo, un juez ha decidido que su testimonio no es suficiente para valorar las causas que la llevaron a descargar esa pistola y la ha sentenciado a más de cuatro décadas en la cárcel por el delito de homicidio calificado agravado.",Condenada una mujer a 43 años de cárcel por defenderse de su agresor en el Estado de México,https://elpais.com/mexico/2022-07-09/condenada-una-mujer-a-43-anos-de-carcel-por-defenderse-de-su-agresor-en-el-estado-de-mexico.html
,,
"Atención, europeos. Una hectárea en la Amazonia tiene unas 350 especies distintas de árboles, más que todo el continente europeo. Es un dato que el científico brasileño Carlos Nobre, de 71 años, desliza para explicar la magnitud de la mayor selva tropical del mundo y el papel crucial que desempeña ante el calentamiento global. Científico del sistema terrestre, es una autoridad dentro y fuera de Brasil. Conoció la Amazonia a principios de los setenta gracias a un profesor universitario empeñado en que su alumnado visitara las diversas regiones del país. Quedó fascinado. La experiencia derivó en una premiada carrera que le acaba de abrir las puertas de la Royal Society de Londres, una de las academias científicas más antiguas del mundo. El único compatriota con ese honor fue el emperador Pedro II en el siglo XIX. Nobre recibe un viernes por la tarde en São José dos Campos, cerca de São Paulo. Allí vive y trabajó durante décadas en el Instituto Nacional de Investigaciones Espaciales. Aún investiga y participa del debate público.",Carlos Nobre: “La Amazonia  ya muestra síntomas  de muerte”,https://elpais.com/ideas/2022-07-07/carlos-nobre-la-amazonia-ya-muestra-sintomas-de-muerte.html
,,
"En México las mujeres cumplen un papel determinante en la construcción de la llamada economía de los cuidados. Alejandra Haas, directora ejecutiva de la organización Oxfam México, asegura que por ese trabajo no remunerado las cuidadoras aportan cerca de 20 puntos porcentuales al Producto Interno Bruto del país, mientras que los hombres y el Estado cumplen un papel secundario e, incluso, están totalmente ausentes y dando por hecho que serán las mujeres quienes asuman esas tareas.",La economía de los cuidados en México: tarea femenina y ausencia del Estado,https://elpais.com/mexico/2022-07-05/la-economia-de-los-cuidados-en-mexico-tarea-femenina-y-ausencia-del-estado.html
,,
"Desde hace milenios, la posibilidad de tener hijos ha sido un anhelo y un problema que depende de la oportunidad. Hasta hace pocas décadas no se tenían métodos eficaces para controlar los tiempos de uno de los fenómenos más fascinantes de la vida. Y aun así, parece que aún no controlamos del todo la capacidad de tener hijos. La catedral de Milán está dedicada al nacimiento de la virgen María, la madre por antonomasia para los cristianos. Una madre que, además, concibió tras una fecundación diferente a todas las anteriores. En esa ciudad con ese templo dedicado a la maternidad se han reunido esta semana muchos expertos internacionales en reproducción humana, en el Congreso Anual de la Sociedad Europea de Reproducción Humana y Embriología, el primero presencial después de la pandemia.",Óvulos que se agotan y declive del esperma: todo lo que ignoramos sobre fertilidad hasta el momento de querer hijos,https://elpais.com/salud-y-bienestar/2022-07-09/ovulos-que-se-agotan-y-declive-del-esperma-todo-lo-que-ignoramos-sobre-fertilidad-hasta-el-momento-de-querer-hijos.html
,,
"“¿Siente que es una persona con mucho poder? “Siento que tengo una gran responsabilidad. Eso es un honor y un privilegio, pero al mismo tiempo siento que le debo algo a la gente. Antes que presidente y consejero delegado de JPMorgan Chase soy un patriota y quiero que a mi país, Estados Unidos, le vaya bien. Dedico mucho tiempo a pensar cómo puedo ayudar al mundo occidental”.","Jamie Dimon, el banquero más poderoso del mundo: “Los problemas económicos no son pasajeros. Las cosas pueden ir mucho peor”",https://elpais.com/economia/negocios/2022-07-09/jamie-dimon-el-banquero-mas-poderoso-del-mundo-los-problemas-economicos-no-son-pasajeros-las-cosas-pueden-ir-mucho-peor.html
,,
"La sorpresa de lo nuevo y lo inesperado no es una experiencia frecuente para el aficionado a lo que sigue llamándose música clásica. Dejando aparte festivales especializados, podemos predecir antes del comienzo de cada temporada una gran parte de los programas que se nos invitará a escuchar, y también sabremos que casi en todos ellos predominarán obras escritas hace más de un siglo. Llevar muerto al menos 100 años, y preferiblemente 200, es un mérito que favorece mucho a un compositor, casi tanto como ser varón, y blanco, y de habla alemana, aunque tampoco garantiza la interpretación regular de sus obras. Los repertorios culturales se definen no tanto por lo que celebran como por lo que ocultan, o ni siquiera eso, lo que desdeñan y olvidan, a veces por un sostenido empeño de eliminación, basado en anatemas ideológicos o estéticos. La mayoría abrumadora de las obras que se tocan en las salas de conciertos fue compuesta en el siglo XIX, con la excepción de unas cuantas sinfonías de Mahler y de Shostakóvich. Hay personas convencidas de que un atributo necesario del oficio de compositor es llevar muerto mucho tiempo.",Músicas ocultas,https://elpais.com/babelia/2022-07-09/musicas-ocultas.html
,,
"A principios de mayo, Jorge Stolfi, catedrático de Ciencias de la Computación en la Universidad de Campinas (Brasil), puso este tuit en inglés: “Todo científico de la computación debería poder ver que las criptomonedas son sistemas de pago totalmente disfuncionales y que la “tecnología de blockchain” (incluídos los “contratos inteligentes”) es un fraude tecnológico. ¿Podrían decirlo en voz alta?”. Stolfi tiene ahora 9.400 seguidores. Entonces tenía menos. Para el discreto mundo de las ciencias de la computación, los 2.000 retuits y 7.000 likes que recibió le hicieron viral.","“Soy catedrático de informática. Como mis colegas, sé que la tecnología de bitcoin es basura”",https://elpais.com/tecnologia/2022-07-06/soy-catedratico-de-informatica-como-mis-colegas-se-que-la-tecnologia-de-bitcoin-es-basura.html
,,
"Los jóvenes que nacieron en 2005, cuando se aprobó el matrimonio igualitario en España, cumplirán la mayoría de edad el año que viene. Se trata de una generación que ha crecido en un clima de ampliación constante de derechos para el colectivo LGTBI: después del matrimonio, se aprobó en 2007 la norma relativa a la identidad de género y, hace una semana, salía del Consejo de Ministros el anteproyecto de la ley trans; sin contar con las numerosas legislaciones autonómicas. Esos cambios legales, que han ayudado a visibilizar y normalizar la diversidad sexual, son fruto de la lucha de las generaciones anteriores, que crecieron en un entorno diametralmente opuesto al de los jóvenes actuales: perseguidos y acosados por leyes lgtbifóbicas, como la franquista sobre peligrosidad y rehabilitación social aprobada en 1970.",¿Existe brecha generacional en el colectivo LGTBI? De la lucha por los derechos al debate identitario,https://elpais.com/sociedad/2022-07-07/existe-brecha-generacional-en-el-colectivo-lgtbi-de-la-lucha-por-los-derechos-al-debate-identitario.html
,,
"Breitbart News fue una pieza clave de la maquinaria de desinformación que llevó a Donald Trump al Despacho Oval. El medio ultraderechista fundado por Steve Bannon, asesor estrella de Trump en su carrera presidencial y más tarde estratega jefe de la Casa Blanca hasta su despido en 2017, diseminó ataques antisemitas contra sus rivales, dio alas al proyecto del muro de México y quitó hierro a las manifestaciones nacionalistas blancas del movimiento MAGA (acrónimo de Make America Great Again) y a su carácter homófobo.",Las activistas que dejaron sin anuncios a la web de Steve Bannon van ahora a por Fox News,https://elpais.com/tecnologia/2022-07-09/las-activistas-que-dejaron-sin-anuncios-a-la-web-de-steve-bannon-van-ahora-a-por-fox-news.html
,,
"Según la RAE, una constelación es un conjunto de estrellas que, mediante trazos imaginarios, forma un dibujo que evoca una figura determinada. Y hay libros que tienen más de constelación que de libro, como este, Agua y jabón. El inclasificable volumen de Marta D. Riezu construye un tratado sobre lo que nos seduce a base de una sucesión fragmentada de opiniones, citas, pasajes y curiosidades.","La fuga de Siberia de Trotsky, la revelación de Marta D. Riezu y otros libros de la semana",https://elpais.com/babelia/2022-07-09/el-milagro-de-marta-d-riezu-la-fuga-de-siberia-de-trotsky-y-otros-libros-de-la-semana.html
,,
"La Policía Federal de Brasil detuvo al principal sospechoso de ser el mandante del asesinato del periodista Dom Philips y el indigenista Bruno Pereira el mes pasado en la Amazonia. Se trata de Rubens Villar Coelho, de doble nacionalidad brasileña y peruana y conocido como Colombia, según adelantó el portal G1.",Detenido en Brasil el presunto autor intelectual del asesinato de Dom Philips y Bruno Pereira en la Amazonia,https://elpais.com/internacional/2022-07-08/detenido-en-brasil-el-presunto-autor-intelectual-del-asesinato-de-dom-philips-y-bruno-pereira-en-la-amazonia.html
,,
"Con el dinero que el Instituto Mexicano del Seguro Social (IMSS) ha ofrecido como indemnización a Vanessa Dib Velázquez, de 31 años, ella no podría siquiera comprar una de las prótesis que necesita para solamente una de sus piernas amputadas en esa institución en 2018, en el Estado de Querétaro. Los 88.257 pesos (unos 4.300 dólares o 4.230 euros) no cubren ni siquiera una cuarta parte de los gastos que durante estos cuatro años la mujer y su familia han tenido que afrontar, después de que recibiera un diagnóstico incorrecto que derivó en tres infartos, nueve días en coma, la extracción de su útero y un ovario, y la amputación de sus piernas. Además de que ningún funcionario del IMSS se ha comunicado con ella ni le ha dado una respuesta a la Comisión Nacional de Derechos Humanos (CNDH), que le ha hecho un llamado a asumir su responsabilidad y resarcir el daño.","El IMSS ofrece 88.000 pesos a Vanessa Dib, la mujer a la que le quitaron el útero, un ovario y amputaron las piernas por negligencia",https://elpais.com/mexico/2022-07-09/el-imss-ofrece-88000-pesos-a-vanessa-dib-la-mujer-a-la-que-le-quitaron-el-utero-un-ovario-y-amputaron-sus-piernas-por-negligencia.html
,,
"La salida norte de la estación de Yamato Saidaiji, en Nara, la antigua capital japonesa, donde este viernes tuvo lugar el asesinato del ex primer ministro japonés Shinzo Abe, se ha convertido en un centro de peregrinación. Justo enfrente del lugar donde Abe cayó abatido por el disparo de un arma rudimentaria, fabricada con cañones recortados, el Partido Liberal Democrático (PLD) instaló este sábado un altar con fotografías del exmandatario y una caricatura. El dibujo retrata a Abe entre su padre, el fallecido exministro de Exteriores Shintaro Abe, y su abuelo, el ex primer ministro Nobusuke Kishi, famoso por su papel en la explotación comercial de China durante la colonización japonesa del imperio del Manchukuo y un personaje clave en la fundación del PLD. El dibujante escribió encima la frase: “Habéis dejado en nuestras manos el destino de Japón”.",La policía japonesa admite fallos en la seguridad de Shinzo Abe,https://elpais.com/internacional/2022-07-09/la-policia-japonesa-admite-fallos-en-la-seguridad-de-shinzo-abe.html
,,
"Cuando la doctora Mar Castellanos (Salamanca, 52 años) eligió la especialidad de Neurología, sus amigos de la carrera se llevaron las manos a la cabeza. “Para qué neuróloga, si los neurólogos no curan nada”, me dijeron. “De la neurología se tenía la idea de que hacía unos diagnósticos muy buenos y ponía nombre a enfermedades muy raras, pero el resto de médicos le prestaban poca atención porque, es cierto, con esas enfermedades poco se podía hacer”. Castellanos es coordinadora del Grupo de Estudio de Enfermedades Cerebrovasculares de la Sociedad Española de Neurología (SEN), jefa de Servicio de Neurología en el Complejo Hospitalario Universitario A Coruña (CHUAC) y, desde este año, directora del Instituto de Investigación Biomédica de A Coruña (INIBIC). “La evolución de la neurología en estos veinte años ha sido enorme. Nadie pensaba que esto fuera a ser tan rápido. Pero se necesitaba que fuese así: los pacientes que padecen enfermedades neurológicas necesitan mucho de la investigación porque, desgraciadamente, sufren enfermedades muy discapacitantes, muy mortales y con mucho sufrimiento antes de llegar a la muerte”, dice al teléfono a EL PAÍS.","Mar Castellanos, neuróloga: “El ictus afecta cada vez más a personas en edad laboral. Las enfermedades cardiovasculares son una epidemia”",https://elpais.com/salud-y-bienestar/2022-07-09/mar-castellanos-neurologa-el-ictus-afecta-cada-vez-mas-a-personas-en-edad-laboral-las-enfermedades-cardiovasculares-son-una-epidemia.html
,,
"La convocatoria de oferta de empleo público llega con un pan bajo el brazo. La batería de novedades que incorpora esta edición que difícilmente volverá a repetirse alienta un camino de grandes posibilidades para hacerse con una plaza. Para empezar, se trata de una macroconvocatoria (45.000 plazas) porque unifica las que no se pudieron convocar por la prórroga de los Presupuestos y por la pandemia. Prevista su publicación en el BOE en diciembre, lo que abrirá plazo para presentar instancias, la coordinadora general del área de oposiciones del Centro de Estudios Financieros, CEF, Ángela de las Heras, aconseja: “Si se va a presentar, póngase a estudiar ya. Pero antes, infórmese muy bien de los cuerpos a los que puede acceder”.",La carrera por las oposiciones ha empezado: en juego hay 45.000 trabajos para toda la vida,https://elpais.com/economia/negocios/2022-07-02/la-carrera-por-las-oposiciones-ha-empezado-esperan-45000-trabajos-para-toda-la-vida.html
,,
"En el principio fue el verbo, una palabra originaria a partir de la cual se desarrollaron el resto de sonidos. En el caso de mi bebé, su primer fonema fue algo que sonaba parecido a “ajo”, una primera palabra muy digna para cualquier español. Su padre, que es un tipo preocupado por la lingüística, aseguraba que no decía “ajo” sino algo que debía transcribirse como “egüe”. La Ana Mari, por su parte, afirmaba que lo que decía era “abu”, porque la estaba llamando a ella, su abuela. Y yo, para qué nos vamos a engañar, juraría que me estaba diciendo a mí “Ana”, que quizás se le hacía más fácil que “mamá”. Aquí cada cual arrimaba el ascua a su sardina. Hasta el camarero del bar de abajo pensaba que le estaba pidiendo “agua”.",Mi bebé ya entiende de política,https://elpais.com/opinion/2022-07-09/mi-bebe-ya-entiende-de-politica.html
,,
"El miércoles por la tarde, en las oficinas de Jean Paul Gaultier en la rue Saint Martin de París, se vivió uno esos cada vez más escasos momentos memorables sobre una pasarela. Desde fuera y a grandes rasgos, la estética sensual y maximalista de Olivier Rousteing en Balmain y la teatralidad del archivo visual de Gaultier tienen poco que ver. Por eso al principio costaba entender por qué lo elegía para su tercera colaboración en alta costura: los básicos desestructurados de la japonesa Chitose Abe (Sacai) formaban parte del armario personal del diseñador; y Glenn Martens, el belga a cargo de Y Project y de Diesel, se formó durante años a sus órdenes. Pero, ¿Rousteing?",El espectáculo (teatral) debe continuar en la alta costura de París,https://elpais.com/estilo/2022-07-07/el-espectaculo-teatral-debe-continuar-en-la-alta-costura-de-paris.html
,,
"La OTAN (Organización del Tratado del Atlántico Norte) ha aprobado en la cumbre de Madrid (29 y 30 de junio) su nuevo Concepto Estratégico, el documento que plasma los grandes objetivos y prioridades de la Alianza y que señala las amenazas que ve en el horizonte y a las que podría tener que enfrentarse. El Concepto se ha actualizado nueve veces, incluida la de Madrid, desde la fundación de la OTAN en 1949. El nuevo documento busca adaptar la organización atlántica a un profundo cambio geopolítico.",La OTAN se rearma ante un nuevo mapa de amenazas: análisis de su nueva estrategia punto por punto,https://elpais.com/internacional/2022-07-03/la-otan-se-rearma-ante-un-nuevo-mapa-de-amenazas-analisis-de-su-nueva-estrategia-punto-por-punto.html
,,
"El asesinato del ex primer ministro Shinzo Abe durante un mitin en Japón es un hecho excepcional en el país. La isla del Pacífico es considerada uno de los territorios más seguros del planeta y el último magnicidio se remonta a un intento de golpe de Estado en 1936. Macarena Vidal, corresponsal de EL PAÍS en Asia, analiza en el vídeo que acompaña a esta noticia el impacto que la muerte del ex primer ministro supone para la sociedad japonesa y la relación con la cultura del país del sol naciente.",Vídeo | ¿Por qué el atentado contra el ex primer ministro es algo excepcional en Japón?,https://elpais.com/videos/2022-07-09/video-por-que-el-atentado-contra-el-ex-primer-ministro-japones-es-algo-excepcional-en-japon.html
,,
"Hace 49 años el periodista Julio Scherer, encaramado en la parte posterior de un jeep, describió en el periódico Excélsior una escena ocurrida en las montañas de la provincia de Guangxi, en China. A bordo del vehículo iban Chou En-lai, el primer ministro de Mao Tse-tung y, a su lado, el presidente mexicano, Luis Echeverría. El automóvil reptaba los sinuosos caminos de terracería rumbo a Dazhai. Con la mirada fija en el precipicio, el mandatario mexicano, el primero en visitar el país asiático, dijo: “Si tuviéramos un accidente, los que venimos con usted pasaríamos a la historia”.","Luis Echeverría, el gran represor de México muere impune a los 100 años",https://elpais.com/mexico/2022-07-09/luis-echeverria-el-presidente-de-mexico-que-murio-impune.html
,,
"La naturaleza es así. Chocan dos placas tectónicas y de sus pliegues brotan los Alpes, pero como hay una placa de sal entremedias, una bandeja de agua salada que se ha evaporado, las montañas del Jura, tan humildes a su lado, nacen, hijas de las mismas fuerzas, uno poco más lejos, dejando entre ambas los lagos de los millonarios suizos, que pueden asistir, elevando un poco la mirada hacia las alturas del estadio olímpico de la muy olímpica Lausana, cuesta de la avenida del Mont Blanc arriba, a otra demostración de cómo los deseos de la naturaleza son incontrolables para el humano, arrolladores, y no es el capricho lo que lleva a chocar contra toda lógica, y sin placa de sal que les modere, en un sprint innecesario a las dos grandes fuerzas del Tour, a la que viste de verde, el Wout van Aert que se niega a dejar el escenario, y el que vestía de blanco y desde el jueves de amarillo, su color natural en el Tour, el Tadej Pogacar que, después de que Mathieu van der Poel en su primera acción en cabeza en todo el Tour hubiera hecho un relevo intenso, a cinco kilómetros de la llegada, cucú, aquí estoy, se pone a la rueda de un francés abnegado y sorprendido al sentir en el cogote el aliento del líder del Tour un día que debería dejar a otros ganarse sus lentejas.",El Tour de Francia de Van Aert y Pogacar,https://elpais.com/deportes/2022-07-09/el-tour-de-francia-de-van-aert-y-pogacar.html
,,
"El concepto de cine de autor, tan enfático y prestigioso él, se presta a múltiples interpretaciones y no está bendecido siempre por la calidad. Hay indudables autores, con estilo y universo reconocibles, cuyo cine me resulta insoportable. Sus constantes y transparentes señas de identidad, su presunto arte, me incitan a salir corriendo cada vez que me topo con ellos. Y existen artesanos admirables que nunca se han colgado la etiqueta de artistas. Se han limitado a realizar buenas películas en múltiples géneros sin que te impongan todo el rato su firma.",‘Mali Twist’: Y el rock también llegó a Malí,https://elpais.com/cultura/2022-07-08/y-el-rock-tambien-llego-a-mali.html
,,
"Gustavo Petro ha anunciado este jueves que incorpora a su Gobierno como ministro de Educación a Alejandro Gaviria, el exrector de los Andes, una de las universidades más prestigiosas de Colombia. Al inicio de la campaña electoral, Petro pensó que Gaviria podía ser un rival temible que se le antepusiera en su camino a la Presidencia. La candidatura de Gaviria, como todas las del centro colombiano, se desinfló y apenas tuvo repercusión. Sin embargo, su nombre continúa teniendo un gran peso entre los intelectuales del país. Su nombramiento supone una señal más de moderación de Petro, que desde que salió elegido ha descolocado a sus críticos al nombrar personas de otros partidos políticos, respetados por su trayectoria, y no solo a sus antiguos aliados de la izquierda.",Petro nombra a Alejandro Gaviria en Educación y ahonda en su perfil de moderado,https://elpais.com/america-colombia/2022-07-07/petro-nombra-a-alejandro-gaviria-en-educacion-y-ahonda-en-su-perfil-de-moderado.html
,,
"Former Japanese Prime Minister Shinzo Abe, 67, died in the hospital after being shot on Friday morning at a campaign rally in the city of Nara, near Kyoto. He was rushed into emergency care after collapsing to the ground and going into cardiopulmonary arrest, according to Kyodo news agency.",Japan’s ex-PM Shinzo Abe dies in hospital after being shot by gunman,https://english.elpais.com/international/2022-07-08/japans-ex-pm-shinzo-abe-dies-in-hospital-after-being-shot-by-gunman.html
,,
"El expolicía de Minneapolis Derek Chauvin, condenado el año pasado por el asesinato de George Floyd en mayo de 2020, ha sido sentenciado este jueves a 21 años de cárcel por cargos federales de violación de los derechos civiles del afroamericano Floyd durante el arresto de este por pagar supuestamente con un billete falso en una tienda. La muerte por asfixia de Floyd, cuyo cuello quedó aprisionado bajo la rodilla del agente blanco, desencadenó una oleada de protestas masivas en el país y en el extranjero, bajo el lema Black Lives Matter (Las Vidas Negras Importan), una denuncia del racismo sistémico y contra el uso excesivo de la fuerza por la policía.","El agente que mató a George Floyd, condenado a otros 21 años de cárcel por violar sus derechos civiles",https://elpais.com/internacional/2022-07-07/el-agente-que-mato-a-george-floyd-condenado-a-otros-21-anos-de-carcel-por-violar-sus-derechos-civiles.html
,,
"En 1979, Rosaly Lopes vio un chorro de roca fundida elevarse más de 15 metros sobre la negra cima del monte Etna, en Italia, que acababa de entrar en erupción. Era la primera vez que esta estudiante de astronomía brasileña, nacida en Río de Janiero hace 57 años, visitaba un volcán, y desde entonces apenas ha hecho otra cosa. Lopes ha explorado más de 50 cráteres activos de todos los continentes, incluido el gélido monte Erebus de la Antártida.","Rosaly Lopes, la persona que más volcanes ha descubierto: “Puede haber vida en Titán” ",https://elpais.com/ciencia/2022-07-08/rosaly-lopes-la-persona-que-mas-volcanes-ha-descubierto-puede-haber-vida-en-titan.html
,,
"El hijo de la farmacéutica vive por las competiciones de altavoces. Cada domingo conduce hasta un polígono abandonado de León tras enjoyarse el oro de su abuela muerta, comerse un ladrillo (así llama a los ansiolíticos), lanzar un beso a su reflejo en el espejo y desayunar Red Bull con cigarrillos. Lo suyo es pinchar bakalao desde el Citroen ZX gris de su abuelo. Fiestas de tuning en uno de esos no-lugares que, tras el cierre de la mina y las fábricas de la zona, se ha convertido en lo que te enseña Google cuando tecleas “espacio liminal”, sitios de paso que no pisa nadie y donde las pintadas de los muros semiderruidos asoman descoloridas, sin vida. Él ya tiene más de 30, no se le conoce trabajo legal y en el polígono siempre lo esperan chavalas con el mismo plumón, botas y flequillo. Por eso no puede evitar “sentirse como si estuviese de fiesta en una cadena de montaje” y se pone ansioso porque ni allí acude la que de verdad le interesa ni le quedan más ladrillos en el bolsillo.","Tristes, drogados, periféricos: la nueva literatura que refleja el dolor de los polígonos",https://elpais.com/babelia/2022-07-09/literatura-del-poligono-tristeza-explotacion-y-ansioliticos-en-el-extrarradio.html
,,
"Existe una ruta soterrada en A Coruña que no es fácil de detectar. Se extiende a los largo de seis kilómetros, entre arrabales, carreteras y zonas verdes. Un camino de ida y vuelta, por donde circulan toneladas de petróleo. Parte del puerto hasta alcanzar la refinería del valle de Bens, pero su recorrido es solo visible en su primer tramo, cuando cruza la carretera desde el puerto y a su paso por el barrio de los Castros. El resto queda oculto a los ojos de los transeúntes. Solo unas balizas bicolor, las cámaras de seguridad o distintos carteles advierten indirectamente de su existencia. Un camino de oro negro que revela la transformación de un territorio y pone en evidencia las contradicciones entra la idea de progreso y la pervivencia de otras formas de vida y subsistencia. La tensión entre la población y una industria pesada que Damián Ucieda (A Coruña, 1980) ha sabido captar con su cámara para dar forma a un libro y a una exposición que comparten título, Camiño negro, que hasta el 29 de julio podrá verse en la galería Formato Cómodo de Madrid, dentro de la programación del festival off de PHotoEspaña.",Hay un río de oro negro bajo A Coruña,https://elpais.com/babelia/2022-07-07/hay-un-rio-de-oro-negro-bajo-a-coruna.html
,,
"Maurizio Cattelan es un reconocido —y muy cotizado— artista conceptual italiano. Su fama se disparó cuando, en diciembre de 2019, presentó en Arte Basel Miami un plátano pegado con un pedazo de cinta adhesiva a una de las paredes de la reputada feria, una obra valorada en 120.000 dólares que terminó devorada por un performer antes de que acabara el evento, sin dar siquiera tiempo a que la fruta se pudriera. Otras obras suyas, no menos controvertidas, son más duraderas. Y son las que podrían haber abierto una caja de truenos que amenazaba con sacudir todo el mundo del arte: el escultor francés Daniel Druet, que elaboró, bajo instrucciones de Cattelan, las figuras de cera que formaban parte esencial de varias de sus obras más reputadas, reclamaba que se reconocieran sus derechos de autor.",Alivio para el arte conceptual: la justicia francesa considera que el autor de una obra es el artista que la concibe y no el que la ejecuta,https://elpais.com/cultura/2022-07-08/alivio-para-el-arte-conceptual-la-justicia-francesa-considera-que-el-autor-es-el-artista-que-concibe-la-obra-y-no-el-que-la-ejecuta.html
,,
"Berlín estaba desolado. Caminábamos por las ruinas del Jardín del Zoo cuando vi el cadáver de Martin. Habíamos coincido en la Universidad de Erlangen, antes de que el mundo se volviese loco. Sus brazos se aferraban a una hoja de papel. Ilya, mi compañero, en seguida se lanzó a por la hoja, arrojándola después rápidamente al suelo al comprobar que era una nota manuscrita y no un bono o pagaré (que, por otro lado, poco valor hubiera tenido a esas alturas). Yo recogí la nota y la guardé en el bolsillo. Esa noche cuando, como tantas otras, no conseguía dormir, abrí la carta y comencé a leer.",El misterio de la carta del soldado alemán,https://elpais.com/tecnologia/2022-07-08/la-carta-del-soldado-aleman.html
,,
"“La estrella de Flash retiene a unos niños en una granja llena de armas”. Este es un titular difícil de comprender fuera de contexto, pero, incluso con toda la información, la situación resulta inexplicable. Los encontronazos con la justicia del actor Ezra Miller (Nueva Jersey, 29 años), conocido por sus papeles en La liga de la justicia y Animales fantásticos, incluyen agresiones, arrestos policiales y padres que lo denuncian por, supuestamente, haberles robado a sus hijos. Y cada nuevo titular solo arroja más misterio en torno a la granja donde Miller convive con varias personas, algunas (otra vez, supuestamente, pues las versiones varían) retenidas contra su voluntad. ¿Qué está pasando por su cabeza? ¿Hacia dónde va en su huida de la justicia? Y, sobre todo, ¿cómo ha llegado hasta aquí?",Una granja llena de armas y dos denuncias por secuestro: ¿cómo ha llegado Ezra Miller hasta aquí?,https://elpais.com/icon/2022-07-01/la-espiral-de-ezra-miller-una-estrella-asediada-por-denuncias-y-a-punto-de-estrenar-una-de-las-superproducciones-del-verano.html
,,
"La reciente incorporación de Far Cry 5 al Game Pass de Microsoft (esa suerte de Netflix que tiene la compañía de la Xbox, en la que una tarifa mensual nos permite acceder a un amplio catálogo de juegos) hace pertinente una pregunta que irá ganando peso de aquí al futuro: ¿son los videojuegos (también) un artefacto político?","Ayn Rand, ‘rednecks’ e inclusividad forzada: el mundo virtual como escenario político",https://elpais.com/babelia/2022-07-08/ayn-rand-rednecks-e-inclusividad-forzada-el-mundo-virtual-como-escenario-politico.html
,,
"Argentine, American, and Canadian paleontologists just announced a new species of giant carnivorous dinosaur – Meraxes gigas – first unearthed in 2012 in Neuquén, a province in Argentina’s Patagonia region. The first complete scientific study of this species has now been published in Current Biology, a journal that publishes original research across all areas of biology.",‘Meraxes gigas’: New species of giant dinosaur discovered in Argentina ,https://english.elpais.com/science-tech/2022-07-09/meraxes-gigas-new-species-of-giant-dinosaur-discovered-in-argentina.html
,,
"Si eres de aquellos que cuentan con joyas de gran valor económico, tales como relojes, diamantes o piedras preciosas y, además, cuentas con objetos de más valor o dinero una suma importante de dinero en efectivo, es preciso que cuentes con un lugar seguro en tu casa para guardarlo todo.","Esta caja fuerte con cerradura electrónica suma 17,000 calificaciones en Amazon",https://elpais.com/mexico/escaparate/2022-03-28/esta-caja-fuerte-con-cerradura-electronica-suma-17000-calificaciones-en-amazon.html
,,
"El senador del PRI Miguel Ángel Osorio Chong ha desafiado al presidente nacional de su partido, Alejandro Moreno. Lo emplaza a renunciar a la dirigencia priista luego de las derrotas del 5 de junio y de los audios filtrados en donde se presumen actos indebidos del campechano. En La Vespertina ambos dan sus argumentos y hablan de la viabilidad del histórico partido.",Choque en el PRI entre Miguel Ángel Osorio Chong y Alejandro Moreno,https://elpais.com/mexico/2022-06-29/choque-en-el-pri-entre-miguel-angel-osorio-chong-y-alejandro-moreno.html
,,
"Un amplio grupo de los mayores expertos internacionales en biodiversidad ha lanzado este viernes una advertencia sobre la necesidad de que el ser humano haga un uso sostenible de las especies silvestres. Ese tipo de gestión conviene tanto a esas especies, que verían reducido el riesgo de extinción, como a los seres humanos. Porque miles de millones de personas en el mundo, tanto en países desarrollados como en desarrollo, se benefician a diario de estos animales, plantas, hongos y algas para obtener alimentos, energía, materiales y medicamentos. Un par de ejemplos: una de cada cinco personas dependen de ellas para comer o tener ingresos, y para una de cada tres es básica la madera para poder cocinar. Ambos datos vienen recogidos en el informe elaborado por la Plataforma Intergubernamental Científico-Normativa sobre Diversidad Biológica y Servicios de los Ecosistemas (Ipbes, sus siglas en inglés).",La sobrexplotación amenaza a las especies silvestres de las que dependen miles de millones de personas en el mundo,https://elpais.com/clima-y-medio-ambiente/2022-07-08/la-sobreexplotacion-amenaza-a-las-especies-silvestres-de-las-que-dependen-miles-de-millones-de-personas-en-el-mundo.html
,,
"En sus más de tres décadas de vida, Antena 3 no se había coronado ninguna temporada como la cadena más vista. Hasta el curso que acaba de terminar. Con un 14% de cuota de pantalla, ha sellado la mejor marca en 13 años. Se ha impuesto en la cada vez más cruenta batalla por la audiencia y ha sorteado el empuje de los reyes del streaming. Buena parte del éxito se apoya en lo que la cadena privada ha bautizado “la milla de oro”: el tridente formado por Pasapalabra, Noticias 2 y El Hormiguero, títulos que dominan sus respectivas franjas horarias y han forjado un bloque ganador. “Ser líderes nunca ha sido nuestro objetivo”, confiesa Carlos Fernández (Madrid, 60 años), director general de Contenidos de Atresmedia, propietario también de marcas como La Sexta y Onda Cero. “Nuestro objetivo”, subraya, “siempre ha sido tener un modelo de televisión basado en el entretenimiento, la ficción y la actualidad”.","Carlos Fernández: “Netflix quiere ser de mayor una televisión en abierto, pero de pago” ",https://elpais.com/television/2022-07-09/carlos-fernandez-netflix-quiere-ser-de-mayor-una-television-en-abierto-pero-de-pago.html
,,
"Seis días al año de vacaciones. Desde hace un siglo, eso es a lo que tienen derecho las y los trabajadores en México cuando cumplen un año por estar en una empresa. Después, cada año, el descanso sube un día, hasta alcanzar un máximo de doce días. Seguido por Japón y Costa Rica como los países con menos vacaciones, 10 días, y Turquía, con 12. En el extremo opuesto se encuentran Reino Unido, Luxemburgo y Francia, donde los trabajadores gozan de 28, 26 y 25 días de vacaciones, respectivamente. Contra la fama de flojos, en México se trabaja más que en muchos otros países, y se descansa apenas nada. La senadora Patricia Mercado explica en La Vespertina el proyecto de ley para corregir esta aberración. ¿Quién se opone? Los patrones. Y mucho.",Vacaciones: un derecho coartado a las y los mexicanos,https://elpais.com/mexico/2022-07-07/vacaciones-un-derecho-coartado-a-las-y-los-mexicanos.html
,,
"Haciendo gala de una autocrítica infrecuente entre políticos y mandatarios, Kamala Harris, vicepresidenta de Estados Unidos, ha lamentado que los estadounidenses -y los demócratas incluidos- dieran por sentado el derecho al aborto. Harris se ha pronunciado en una entrevista en CBS News, que se emitirá este domingo, sobre la derogación de la doctrina Roe contra Wade por parte del Tribunal Supremo, hace dos semanas, y sobre los pasos que la Administración que lidera pretende dar para corregir el impacto del fallo. La entrevista se emitirá este domingo.",Kamala Harris asume que fue un error dar por sentado el derecho al aborto en EE UU,https://elpais.com/sociedad/2022-07-09/kamala-harris-asume-que-fue-un-error-dar-por-sentado-el-derecho-al-aborto-en-ee-uu.html
,,
"El hombre detenido este viernes por la policía nipona como sospechoso de intento de asesinato del ex primer ministro de Japón Shinzo Abe es un antiguo miembro de las Fuerzas de Autodefensa japonesas, el equivalente a las fuerzas armadas de un país. Tetsuya Yamagami, un desempleado de 41 años procedente de la ciudad de Nara, fue arrestado mientras sostenía el arma con la que habría disparado en dos ocasiones al exmandatario nipón.",El detenido por la muerte de Abe: desempleado y antiguo miembro de las fuerzas armadas,https://elpais.com/internacional/2022-07-08/el-detenido-por-la-muerte-de-abe-desempleado-y-antiguo-miembro-de-las-fuerzas-armadas.html
,,
"A todos nos ha pasado alguna vez que, el intentar destapar alguna tubería o cañería se vuelve una pesadilla, porque por más que hacemos no logramos desobstruir nada. Cuando creemos que ya es un problema mayor llamamos a un plomero para que lo resuelva, pero hay varias herramientas que puedes usar antes de pedir ayuda. En EL PAÍS Escaparate hemos hecho una selección de cinco destapacaños entre manuales, a presión y químicos para que elijas el que mejor vaya con tus necesidades.",Cinco destapadores para dejar las tuberías del baño y la cocina como nuevas,https://elpais.com/mexico/escaparate/estilo-de-vida/2021-11-01/seis-destapadores-para-dejar-las-tuberias-del-bano-y-la-cocina-como-nuevas.html
,,
"El alza de precios en México superó todos los pronósticos hechos sobre el papel. La inflación se aceleró en junio y llegó al 7,99%, su mayor nivel en más de 21 años, de acuerdo con los datos dados a conocer por el Instituto Nacional de Estadística y Geografía (Inegi), el pasado jueves. El Índice Nacional de Precios al Consumidor fue empujado al alza por el incremento inusitado en alimentos como la papa, la naranja y el pollo. Aunque el Gobierno ha implementado programas para contener el precio de los alimentos de la canasta básica, exentó el cobro de aranceles en algunos fertilizantes y renunció al cobro del impuesto sobre la gasolina para evitar un incremento mayor en el precio de este combustible, analistas coinciden en que estas medidas han tenido un efecto marginal frente a factores que impactan directamente en la oferta y demanda de alimentos y mercancías: una menor producción por cuestiones climáticas y más costos de producción ante el alza de los fertilizantes y energéticos.","Menos naranjas, papas y pollo: ¿qué productos hay que dejar de consumir para paliar la inflación en México?",https://elpais.com/mexico/2022-07-09/menos-naranjas-papas-y-pollo-que-productos-hay-que-dejar-de-consumir-para-paliar-la-inflacion-en-mexico.html
,,
"La línea 1 del metro de Ciudad de México se someterá a su primer mantenimiento mayor tras 53 años de servicio. Con más de medio millón de pasajeros a diario, la línea más concurrida del Sistema de Transporte Colectivo cerrará parcialmente durante un año, en el que se renovará el antiguo sistema de vías y los trenes que corren sobre ellas.","Línea 1 del metro de Ciudad de México: cuándo cierra, rutas y alternativas de transporte",https://elpais.com/mexico/2022-07-09/linea-1-del-metro-de-ciudad-de-mexico-cuando-cierra-rutas-y-alternativas-de-transporte.html
,,
"En México las cuentas no cuadran en los refugios para mujeres víctimas de violencia. Siete meses después del comienzo del año, los fondos públicos federales han comenzado a caer a cuentagotas. Aunque el Gobierno de López Obrador a través de la Comisión Nacional para Prevenir y Erradicar la Violencia contra las Mujeres (Conavim) asegura a este diario que se ha liberado el 100% de primera parte de los 420 millones de pesos (20,5 millones de dólares) asignados en el Presupuesto de Egresos de la Federación para 2022, algunos albergues y centros de atención externa adscritos a la Red Nacional de Refugios denuncian que no han recibido el dinero, un recurso fundamental para su funcionamiento y la protección de las mujeres.",La falta de presupuesto ahoga a los refugios para mujeres víctimas de violencia en México,https://elpais.com/mexico/2022-07-08/la-falta-de-presupuesto-ahoga-a-los-refugios-para-mujeres-victimas-de-violencia.html
,,
"The automaker Volkswagen AG is going to pay a hefty bill after a cargo ship carrying thousands of luxury vehicles caught fire near Portugal’s Azores Islands, in the Atlantic Ocean, last week.",Blaze on ship carrying Porsches and Bentleys could cost Volkswagen $155 million,https://english.elpais.com/international/2022-02-23/blaze-on-ship-carrying-luxury-cars-could-cost-volkswagen-155-million.html
,,
"A medida que se acerca la fecha del juicio contra Jordi Pujol y sus hijos, el expresidente de la Generalitat va rompiendo su silencio, espoleado a sus 92 años por la idea que le persigue desde su confesión: cómo pasará a la posteridad. Han transcurrido ocho años desde aquel 25 de julio de 2014 en que explicó que su familia había mantenido fuera de España una herencia millonaria ocultada al fisco durante 30 años. Ahora, temeroso del trato que le dé la justicia humana, Pujol intenta asirse a la trascendencia religiosa para salvar su figura y dar sentido a lo inexplicable: especialmente su no actuación para atajar la presunta actividad delictiva de algunos de sus hijos, esos que quedarían fuera de su afirmación “pondría la mano en el fuego por gran parte de mi familia”.",Pujol y el juicio final,https://elpais.com/espana/catalunya/2022-07-10/pujol-y-el-juicio-final.html
,,
"Pensar en la política japonesa de este siglo es imposible sin pensar en Shinzo Abe, el ex primer ministro fallecido este viernes tras haber recibido disparos durante un mitin en una calle de la ciudad de Nara, en el centro de Japón. El ataque perpetrado por un antiguo soldado de las Fuerzas de Autodefensa niponas ha consternado a la sociedad y la clase política de Japón, donde los niveles de violencia son mínimos y los ataques contra personalidades públicas en las últimas décadas se cuentan con los dedos de una mano.","Shinzo Abe, un primer ministro carismático que marcó el rumbo de la política en Japón",https://elpais.com/internacional/2022-07-08/shinzo-abe-un-primer-ministro-carismatico-que-marco-el-rumbo-de-la-politica-en-japon.html
,,
"Cuatro agentes de la Oficina de Aduanas y Protección Fronteriza (CBP, por sus siglas en inglés) enfrentarán un proceso disciplinario por las acciones que emprendieron para controlar a un grupo de inmigrantes haitianos que había cruzado a Estados Unidos. Las imágenes, capturadas a mediados de septiembre de 2021, dieron la vuelta al mundo y provocaron gran indignación justo cuando el Gobierno del presidente Joe Biden intentaba convencer a la comunidad que había emprendido un viraje desde la xenófoba política migratoria de Donald Trump. La Administración ha publicado este viernes un externo informe sobre los hechos de aquel día. Este reconoce el exceso de la fuerza utilizado contra los inmigrantes caribeños, pero niega que estos hayan sido golpeados con riendas por los jinetes de la patrulla o forzados a volver a México.",Cuatro agentes de la Patrulla Fronteriza enfrentarán procesos disciplinarios tras el maltrato a inmigrantes haitianos en Texas,https://elpais.com/internacional/2022-07-09/cuatro-agentes-de-la-patrulla-fronteriza-enfrentaran-procesos-disciplinarios-tras-el-maltrato-a-inmigrantes-haitianos-en-texas.html
,,
"Las protestas por la crisis económica en Sri Lanka, la peor desde su independencia en 1948, se han cobrado este sábado, su día álgido, al presidente, Gotabaya Rajapaksa, y al primer ministro, Ranil Wickremesinghe. El primero abandonará el cargo el próximo miércoles “para garantizar un traspaso pacífico de poder”, según ha anunciado el presidente del Parlamento, Mahinda Yapa Abeywardena. En una declaración en vídeo difundida poco antes de la medianoche local, pide a la población que “respete la ley y mantenga la paz” en respuesta a la decisión. Miles de manifestantes habían irrumpido horas antes en el palacio en Colombo del presidente, mientras otro grupo había prendido fuego a la vivienda particular del primer ministro, que venía de dimitir. Los manifestantes, que iniciaron sus movilizaciones en marzo, les culpan de una crisis que ha dejado racionamiento del combustible, escasez de productos básicos y una inflación cercana al 55%. ",Las protestas masivas por la crisis económica fuerzan la dimisión del presidente y del primer ministro en Sri Lanka,https://elpais.com/internacional/2022-07-09/cientos-de-manifestantes-irrumpen-en-la-residencia-del-presidente-de-sri-lanka.html
,,
"María Conejo (Cuautla, 34 años) llega a la cita pedaleando rápido a través de las calles del centro de Ciudad de México. Lleva unos lentes redondos, los labios rojos y su pelo hace juego con la camiseta a rayas que lleva puesta. Tiene tatuajes en los brazos y un lunar junto a la mejilla que le da un toque aniñado. Es una mujer alta y atlética. De un salto baja de la bici y se la echa al hombro para subir por las escaleras del edificio. “Es por acá”, dice y se adentra en una galería comercial de la calle Regina llena de juguetes y globos de cumpleaños. Un piso más arriba, se abre la puerta de un estudio que comparte con más artistas y donde tiene su taller. Conejo forma parte de una nueva generación de ilustradoras mexicanas que resuena con su trabajo en la escena actual y que va de la mano con el auge del feminismo en el país: Eréndira Derbez, Emilia Schettino, Kareninja o Maremoto son solo algunas.",El día en que María Conejo perdió la cabeza,https://elpais.com/mexico/2022-07-04/el-dia-en-que-maria-conejo-perdio-la-cabeza.html
,,
"Pocos países salen ilesos del asesinato de su presidente en su cama, pero si se trata de Haití un magnicidio es la antesala de la UCI. Cuando la noche del 7 de julio un grupo de sicarios colombianos entró en la habitación de Jovenel Moïse y le disparó dos veces en el pecho, una en la frente, otra en el abdomen y tres veces más en la cadera después de su muerte, no solo terminaban con la vida de su gobernante, sino que empujaban un poco más al país caribeño por la pendiente por la que viene rodando desde hace décadas.","Haití, sin presidente y sin Estado un año después del asesinato de Jovenel Moïse",https://elpais.com/internacional/2022-07-07/haiti-sin-presidente-y-sin-estado-un-ano-despues-del-asesinato-de-jovenel-moise.html
,,
"“Stop the war”. Que pare la guerra. El mensaje, proyectado en letras gigantes sobre la piedra medieval del Palacio de los Papas, puso fin a la representación inaugural de la 76ª edición del festival de Aviñón, principal certamen teatral del continente europeo. Fue el estímulo definitivo para levantar una ovación de varios minutos, una de las más entusiastas de los últimos años, en un encuentro conocido por la dureza de su público, nunca tímido a la hora de desertar y abuchear. Esta vez, poseído por un indudable pathos, le dedicó un largo aplauso que puso fin al estreno de El monje negro, montaje inspirado en un cuento semidesconocido de Chéjov que ha dirigido el ruso Kirill Serébrennikov.",El festival de Aviñón arranca con un ‘chéjov’ turbulento dirigido por un disidente de Putin,https://elpais.com/cultura/2022-07-09/el-festival-de-avinon-arranca-con-un-chejov-turbulento-dirigido-por-un-disidente-de-putin.html
,,
"Es difícil encontrar una materia en la que los equipos que están llamados a jugarse el Mundial de Fórmula 1 coincidan. Que el discurso de Red Bull, Mercedes y Ferrari sea prácticamente el mismo en un asunto de una relevancia capital en el devenir deportivo de la temporada es un indicativo evidente de la magnitud de la cuestión.","Red Bull, Mercedes y Ferrari coinciden: el límite presupuestario de la Fórmula 1 no se puede cumplir",https://elpais.com/deportes/2022-07-10/la-formula-1-se-vuelve-pesetera.html
,,
"A dos pasos de la puerta del Sol, una de las principales plazas del centro de Madrid, se levanta un edificio señorial en el número 14 de la calle Alcalá. El inmueble acoge el hotel de megalujo Four Seasons y se despliega en el denominado kilómetro cero de la capital española. Juan Ramón Collado, abogado del expresidente mexicano Enrique Peña Nieto (2012-2018), posee en esta exclusiva finca una vivienda de 233 metros cuadrados con trastero y dos plazas de garaje, según un rastreo patrimonial de EL PAÍS.",El abogado de Peña Nieto compró un piso de megalujo en el Four Seasons de Madrid mientras se le investigaba por blanqueo,https://elpais.com/mexico/2022-07-07/el-abogado-de-pena-nieto-compro-un-piso-en-el-four-seasons-de-madrid-mientras-estaba-siendo-investigado-por-blanqueo.html
,,
"Hermann Kouassi, cofundador de Incub’Ivoir, una consultora e incubadora de empresas con sede en Abiyán (Costa de Marfil), alardea de la juventud de sus equipos. “La media de edad es de 26 años”, presume. Kouassi fue ponente en una de las mesas redondas que se celebraron durante la 14ª edición del Festival de Músicas Urbanas de Anoumabo - FEMUA, en el predio del Institute de la Jeunesse et des Sports (Instituto Nacional de la Juventud y los Deportes) de la capital financiera de Costa de Marfil. En su intervención, Patricia Zoundi Yao explicaba que “a diferencia de una ONG, una empresa social es la que, aun persiguiendo un rédito, crea un servicio o un producto que resuelve problemas de la sociedad”. Ella sabe del tema en primera persona, como cofundadora de la plataforma de transferencias Quick Cash y de Canaan Land, una compañía de agricultura inclusiva que busca integrar la producción de las pequeñas agricultoras en el mercado. Ella también formó parte del panel de expertos marfileños sobre el emprendimiento de los jóvenes como palanca de crecimiento económico, en un país en que tanto el desempleo como la emigración masiva se han convertido en clamorosas angustias.",Un continente donde los sueños tienen menos de 30 años,https://elpais.com/planeta-futuro/africa-no-es-un-pais/2022-07-08/un-continente-donde-los-suenos-tienen-menos-de-30-anos.html
,,
"La economía de Argentina se sumerge, una vez más, en un océano de problemas. La renuncia, el sábado, del ministro Martín Guzmán disparó las tensiones en el mercado cambiario, derrumbó el valor de los bonos de la deuda en dólares y dio fuelle a la inflación. En ese tembladeral, el lunes asumió en el ministerio de Economía Silvina Batakis, una funcionaria de perfil bajo que responde al kirchnerismo, el sector mayoritario de la coalición de Gobierno que más había atacado a Guzmán durante la gestión.","Inflación, energía, reservas y tipo de cambio: los desafíos que lastran a la economía Argentina en el segundo semestre",https://elpais.com/argentina/2022-07-07/inflacion-energia-reservas-y-tipo-de-cambio-los-desafios-que-lastran-a-la-economia-argentina-en-el-segundo-semestre.html
,,
"El mundo ha vivido en los últimos meses una concatenación de acontecimientos que han cambiado de forma notable el panorama económico. En octubre pasado, durante la presentación de sus perspectivas de otoño, el Fondo Monetario Internacional (FMI) constataba que “la recuperación mundial está en marcha a pesar de los rebrotes de la pandemia”. Entonces, el organismo presidido por Kristalina Georgieva preveía un crecimiento global del 4,9% en 2022. En enero de este año, sin embargo, su proyección para el PIB mundial se rebajó al 4,4% y en abril se recortó aún más, dejándolo en el 3,6%. “La guerra de Ucrania ha desencadenado una crisis humanitaria que requiere de una solución pacífica. Al mismo tiempo, el daño económico infligido por el conflicto bélico provocará una significativa desaceleración del crecimiento”, reconocía el FMI en su outlook de primavera.",La economía mundial se desinfla: así es la crisis que viene,https://elpais.com/economia/negocios/2022-07-02/la-economia-mundial-se-desinfla-asi-es-la-crisis-que-viene.html
,,
"La guerra del gas consecuencia de la invasión rusa de Ucrania está haciendo mella en las empresas energéticas alemanas, especialmente en el gigante Uniper, el mayor comprador mundial de gas ruso. La compañía se ha convertido en la primera víctima del corte del gas ordenado por Moscú al pedir oficialmente el rescate al Gobierno alemán ante el riesgo de quiebra. Uniper asegura que no es capaz de hacer frente a los elevados costes del hidrocarburo en los mercados globales después de que la gasista estatal Gazprom redujera los envíos en dos tercios a mediados de junio. Berlín se plantea tomar medidas drásticas para proteger la economía.","Uniper, la mayor gasista alemana, pide el rescate asfixiada por los recortes del gas ruso",https://elpais.com/economia/2022-07-08/uniper-la-mayor-gasista-alemana-pide-el-rescate-asfixiada-por-los-recortes-del-gas-ruso.html
,,
"El ensayo de Hannah Arendt sobre el juicio al mandatario nazi Adolf Eichmann celebrado en la capital de Israel en 1961, Eichmann en Jerusalén, es seguramente la referencia de una larga tradición literaria de grandes crónicas sobre juicios. La filósofa alemana se convirtió en referente sin haber sido la pionera: 15 años antes, la novelista inglesa Rebecca West había cubierto los juicios de Núremberg —enviada como Arendt por el semanario The New Yorker—, y en ese mismo juicio estuvo también el escritor francés Joseph Kessel, enviado por France-Soir, que ya había cubierto en Francia el juicio al mariscal Pétain —jefe del Gobierno pronazi durante la II Guerra Mundial—, y que después cubriría el de Eichmann. Todas esas crónicas, escritas para la prensa, pueden leerse hoy en formato libro. Otro francés, Emmanuel Carrère, acaba de terminar su cobertura del proceso por los atentados del 13 de noviembre de 2015 en París —la última entrega se publica mañana en este diario—. Carrère descartó al inicio que se tratara de un “Núremberg del terrorismo”: “[allí] se juzgó a altos dignatarios nazis, aquí se juzgará a pequeños maleantes adoctrinados, (…) pero será también un gran acontecimiento, algo inédito que deberá encontrar poco a poco sus reglas y su dramaturgia”, escribió en septiembre pasado. El septiembre próximo saldrá el libro.",La banalidad del drama: la literatura que surge de los grandes juicios históricos,https://elpais.com/cultura/2022-07-09/la-banalidad-del-drama-la-literatura-que-surge-de-los-grandes-juicios-historicos.html
,,
"Elegir el tipo de cepillo que mejor nos funciona no es tarea fácil. Lo más importante es buscar uno que se adapte a nuestro tipo de cabello; por ejemplo, los cepillos redondos con cerdas de jabalí dan volumen y movimiento a los cabellos más finos y disciplinan los más gruesos. Por su parte, los llamados detangling son especialmente respetuosos con los cabellos más finos, frágiles y delicados.",Di adiós a los enredos y ayuda al medio ambiente con este cepillo para cabello top ventas,https://elpais.com/mexico/escaparate/2022-01-24/di-adios-a-los-enredos-y-ayuda-al-medio-ambiente-con-este-cepillo-para-cabello-top-ventas.html
,,
"Veintidós años después está ocurriendo. No fue el panista Vicente Fox el autor, con su histórica victoria del 2000, de la muerte del PRI. El derrumbe de las siglas que marcaron la vida de los mexicanos durante un siglo ocurre hoy a manos de Andrés Manuel López Obrador, quien esta semana ha lanzado un jaque que podría desmoronar buena parte de lo que queda del viejo sistema de partidos. Si lo logra, el presidente mexicano se coronará como el omega de toda una era política.",AMLO vs EPN: el fin del PRI,https://elpais.com/mexico/opinion/2022-07-09/amlo-vs-epn-el-fin-del-pri.html
,,
"“Todos tenemos algún sueño que se repite muchas veces. En el mío particular me veo viajando en el tiempo y guardando en una gaveta gaitas de todas las épocas”, confiesa Pablo Carpintero Arias (Castro, Carballedo, Lugo, 53 años) a las puertas del sanctasanctórum de su vivienda compostelana: el sótano, guarida o búnker donde cualquier enamorado de la música querría refugiarse durante una guerra. El ambiente aquí, en el mismo camino a las afueras de Santiago que lleva al cementerio de Boisaca (morada de ilustres como Valle-Inclán), es el de un panteón sagrado, una cámara oculta en una pirámide, un tesoro flanqueado por antorchas que aguarda al final de un pasadizo. Aunque en esta aventura, el héroe perseguidor de reliquias no se llama Indiana Jones ni hay trampas con serpientes, y la antesala del espacio fantástico no es un corredor secreto, sino solo el garaje de su casa. Pero al otro lado de la puerta del fondo, aislado del mundo, hay un templo pagano con las paredes tapizadas de negro sobre las que deslumbran, bañados por una luz tenue y dorada, centenares de instrumentos desconocidos para la mayoría de los vivos.",El hombre que persigue la gaita más antigua del mundo,https://elpais.com/eps/2022-07-06/pablo-carpintero-el-hombre-que-persigue-la-gaita-mas-antigua-del-mundo.html
,,
"El próximo invierno será el primero sin gas ruso, o sin tanto gas ruso como Alemania estaba acostumbrada a usar para alimentar a su potente sector industrial y calentar las calefacciones de muchos de sus 83 millones de habitantes. Y eso se traduce en un posible racionamiento para el que el Gobierno del socialdemócrata Olaf Scholz ya está preparando a la población. Por ahora es preventivo: se trata de ahorrar todo lo posible de cara a un invierno difícil no solo por la escasez, sino también por la drástica subida del precio de los combustibles. Una ubicua campaña gubernamental anima desde hace unas semanas a darse duchas más cortas, y un poco más frías, para tratar de lograr, “entre todos”, un ahorro del consumo del 10% respecto a veranos anteriores.",Duchas cortas y límite a las calefacciones: Alemania se prepara para posibles cortes de energía este invierno,https://elpais.com/internacional/2022-07-09/duchas-cortas-y-limite-a-las-calefacciones-alemania-se-prepara-para-posibles-cortes-de-energia-este-invierno.html
,,
"Elon Musk (51 años), CEO de Tesla y SpaceX, tuvo gemelos en secreto el pasado mes de noviembre con Shivon Zilis (de 36), ejecutiva de otra de sus compañías, Neuralink, según ha informado el medio estadounidense Business Insider tras tener acceso a documentos judiciales. Los papeles han revelado que en abril Musk y Zilis solicitaron a un tribunal de Austin (Texas), lugar de nacimiento de los gemelos, un cambio en los nombres de los recién nacidos para que tuvieran el apellido del padre y para que el apellido de la madre formase parte de su nombre de pila. Un juez de Austin aprobó su solicitud en mayo.",Elon Musk tuvo gemelos en secreto con una ejecutiva de una de sus empresas,https://elpais.com/gente/2022-07-07/elon-musk-tuvo-gemelos-en-secreto-con-una-ejecutiva-de-una-de-sus-empresas.html
,,
"Members of the US women’s national soccer team have won a landmark battle for equal pay. The win marks a before and after for the national team, which has been fighting for equal pay since 2016. The battle finally came to an end on Tuesday after US Soccer, the national federation for the sport, agreed to a multimillion-dollar settlement to compensate the players for systematically receiving less support and money than their male counterparts.",How the US women’s soccer team won its battle for equal pay,https://english.elpais.com/sports/2022-02-23/how-the-us-womens-soccer-team-won-its-battle-for-equal-pay.html
,,
"El zoo de Barcelona comenzará a derruir el Aquarama el próximo martes. El mítico tanque donde hacían piruetas los delfines y la icónica orca Ulises irá al suelo. El director del zoo, Sito Alarcón, —lejos de sentimentalismos— sostiene que la construcción del Aquarama fue fruto de una Barcelona “pionera” y su destrucción responde, de nuevo, a liderar un “cambio de mentalidad”.","Adiós al Aquarama del zoo de Barcelona, el hogar de la orca ‘Ulises’",https://elpais.com/espana/catalunya/2022-07-09/el-adios-al-aquarama-del-zoo-de-barcelona-el-hogar-de-la-orca-ulises.html
,,
"La tregua política parece, finalmente, consumada. La vicepresidenta de Argentina, Cristina Fernández de Kirchner, dio este viernes un largo discurso en el que, por primera vez, no atacó ni humilló en público al presidente, Alberto Fernández. Tuvo, eso sí, un blanco. Kirchner cargó con dureza contra el exministro de Economía, Martín Guzmán, quien presentó su renuncia al cargo el sábado, sin previo aviso y por redes sociales. Fue “un acto de enorme irresponsabilidad” política, “ingratitud” y “desestabilización institucional”.",Kirchner acusa al ministro de Economía saliente de “desestabilización institucional”,https://elpais.com/argentina/2022-07-09/kirchner-acusa-al-ministro-de-economia-saliente-de-desestabilizacion-institucional.html
,,
"José Luis Pereda served as a US Marine for 13 years. Between 1990 and 2003, he deployed to three wars: in the Persian Gulf, in Somalia and in Iraq. He often talks about the “switch” that happens when you become a soldier — it’s an internal switch, he says, one that everyone who enlists in the armed forces learns to turn on, to become a “lethal weapon,” and then later, after years of service, must somehow learn to turn off, to reintegrate into society. Pereda says he’s a serious person, and is quick to admit that he can sometimes be prone to violence. “For me, any conflict or disagreement can easily turn into a full-on fucking battle,” he says. He attributes this attitude to his training, to the experiences he was subjected to, and to the residual trauma left over after so many years in the Marine Corps. In fact, like many former soldiers, Pereda suffers from chronic post-traumatic stress as a result of the violence and trauma he experienced on the battlefield — a disorder that eventually led him to seek therapy.","An ex-Marine processes war trauma, uncovers memories of abuse at a Catholic school in Spain",https://english.elpais.com/spain/2022-07-08/an-ex-marine-processes-war-trauma-uncovers-memories-of-abuse-at-a-catholic-school-in-spain.html
,,
"Estoy en una piscina escuchando la conversación entre dos amigas adolescentes. De repente, una grita. “¡Por fin! Está aquí. ¡Es él! Fíjate, es guapísimo”, mientras señala a un joven en bermudas que avanza desde la entrada. El muchacho arrastra las chanclas por el lateral de la pileta cuando la otra sentencia. “Qué exagerada. Normalito como mucho”. “¡No lo estás viendo bien! Mira aquí”, insiste poniendo el teléfono móvil frente a los ojos de su colega. “Si no te parece guapo, es que no has visto su Instagram”. Las amigas, igual que yo, están semidesnudas, las tres nos cubrimos con escuetos bikinis. El joven galán pronto se quitará la camiseta y entonces el mismo sol nos bañará a los cuatro. Sin embargo, por distintas razones, nuestros cuerpos seguirán encerrados. El verano ha llegado, los cuerpos parecen desperezarse y abandonar uniformes, ropas y normas. Sin embargo, por más que ofrezcamos nuestras carnes al sol como si fuera el mismísimo dios del placer, nuestro cuerpo a menudo sigue preso.",Operación salida… de los cuerpos amantes y gozosos,https://elpais.com/opinion/2022-07-09/operacion-salida-de-los-cuerpos-amantes-y-gozosos.html
,,
"La trata de personas LGTBIQ+ con fines de explotación sexual y laboral en la República de Guinea Ecuatorial se produce de manera singular. Las familias, envueltas en la definición ancestral de la homosexualidad como una enfermedad, un embrujo, una posesión de malos espíritus o un producto de la mala educación, se sienten desgraciadas cuando descubren que en su seno existe una persona disidente sexual.","Ser homosexual en Guinea Ecuatorial: cuando el hijo no está fuera estudiando, sino en una terapia de conversión ",https://elpais.com/planeta-futuro/africa-no-es-un-pais/2022-07-10/ser-homosexual-en-guinea-ecuatorial-cuando-el-hijo-no-esta-fuera-estudiando-sino-en-una-terapia-de-conversion.html
,,
"Una de las paradojas filosóficas y teológicas más debatidas es el problema del mal. Si existe un Dios todopoderoso y bondadoso, ¿por qué existe la maldad? Se atribuye al filósofo empirista David Hume el argumento evidencial del problema del mal. Muy simplificado viene a decir que, si existe, implica que Dios no es bueno o que no es todopoderoso. Un contraargumento defendido por los filósofos teístas es el del libre albedrío: Dios es todopoderoso y bueno, pero su mejor criatura, el Homo sapiens sapiens, es capaz de tomar sus propias decisiones, y entre ellas está el mal, ya sea como pecado o como delito. Esta teoría podría servir para explicar el mal de origen social, infligido por otros seres humanos, aunque no sirve para explicar el mal natural, el que proviene de hechos que no tienen nada que ver con la acción humana. Muchos filósofos como Voltaire argumentaron que el terremoto de Lisboa, en el día de Todos los Santos de 1755, era un argumento en contra de la Divina Providencia y de la presunta benevolencia de Dios.",¿Dónde está exactamente el origen del mal?,https://elpais.com/eps/2022-07-07/donde-esta-exactamente-el-origen-del-mal.html
,,
"El término smarthome puede asustar un poco y pensar en algo salido de una película de ciencia ficción; lo cierto es que es más sencillo de lo que suena. La domótica se refiere a aquellas tecnologías que permiten automatizar una vivienda usando simultáneamente la electricidad, la electrónica, las telecomunicaciones y la informática. Esto, con el fin de mejorar la calidad de vida de los habitantes de dicho hogar.",Convierte tu tele en un cine con la tira de luces LED más valorada de Amazon México,https://elpais.com/mexico/escaparate/2022-04-22/convierte-tu-tele-en-un-cine-con-la-tira-de-luces-led-mas-valorada-de-amazon-mexico.html
,,
"Crispi divides her day between routine visits to pregnant women, the supervision of high-risk pregnancies and researching fetal development in the historic Maternitat de Barcelona, in the heart of Catalonia’s capital. Her latest findings, published in the scientific journal Jama, found that a balanced diet and a stress-reducing relaxation program for mothers can reduce the risk of babies being born underweight.",Fàtima Crispi: “It is assumed that the pregnant woman is a happy woman… but the stress of pregnancy is closely related to the fear of the unknown.”,https://english.elpais.com/science-tech/2022-07-09/fatima-crispi-it-is-assumed-that-the-pregnant-woman-is-a-happy-woman-but-the-stress-of-pregnancy-is-closely-related-to-the-fear-of-the-unknown.html
,,
"La naturaleza no deja de sorprendernos. Podría haberlo dicho Thoreau desde su cabaña junto al lago Walden, Massachusetts, pero lo digo yo desde mi casa en Viladrau, Osona. No es que quiera compararme con el gran escritor y pensador que escribió “fui a los bosques porque quería vivir deliberadamente, enfrentándome solo a los hechos esenciales de la vida, y ver si podía aprender lo que la vida tenía que enseñar, no fuera que cuando estuviera por morir descubriera que no había vivido”. Son palabras profundas que invitan a reflexionar y que suscribo completamente; y sin embargo, Thoreau no tenía un nido de ardillas en su jardín, y yo sí.",Mi familia de ardillas,https://elpais.com/espana/catalunya/2022-07-09/mi-familia-de-ardillas.html
,,
"Menos mal que nos queda Portugal, aullaban esos genios de la titulación llamados Siniestro total. Menos mal, digo yo que me queda en los libros algo para seguir extasiándome. Ver la apestosa televisión invita al suicidio. El cine y las series son complacientemente mediocres o infames desde hace mucho tiempo. En mi supervivencia de eremita queda la literatura. O sea, la buena, la que no precisa de sonrojantes promociones como marcan el grotesco y patético signo de los tiempos. O sea, me otorgan placer y emoción los Diarios de Rafael Chirbes (qué vergüenza le hubiera dado aparecer en las páginas de cultura por ser homosexual), el magnífico Desde dentro del listísimo y sofisticado Martin Amis o la más que respetable Aniquilación, de Michel Houellebecq, con críticas de acusan al eterno nihilista de haberse instalado en el sentimentalismo, en la fuerza del amor. Que les den, que diría el borracho erotómano autor.",Menos mal que quedan los libros,https://elpais.com/television/2022-07-09/menos-mal-que-quedan-los-libros.html
,,
"Decía la escritora, realizadora y directora de cine francesa Virginie Despentes: “El deseo sexual es una mecánica nada complicada de poner en marcha. Sin embargo, la libido es compleja, lo que dice de mí no siempre me agrada, no siempre encaja con lo que a mí me gustaría ser. Pero puedo preferir saberlo, en lugar de esconder la cabeza y decir lo contrario de lo que sé de mí para preservar una imagen social tranquilizadora”.",Por qué es importante conocer tu personalidad erótica para tener una vida sexual más satisfactoria,https://elpais.com/estilo-de-vida/2022-07-07/por-que-es-importante-conocer-tu-personalidad-erotica-para-tener-una-vida-sexual-mas-satisfactoria.html
,,
"Regresa el temido fantasma del euríbor. Escapar del alza de este índice no va a resultar sencillo para los hipotecados a tipo variable, aunque hay formas de defenderse o, al menos, de reducir su impacto. Afecta a miles de personas. Algunas ya han hecho frente a la subida de este índice en sus últimas revisiones hipotecarias (anuales o semestrales) y otras lo harán en lo que resta de año. El euríbor a 12 meses, el indicador que más se usa en España para calcular las cuotas de las hipotecas, superaba el pasado 15 de junio el 1% en su cotización diaria por primera vez en casi una década. Tras seis años en negativo, el mercado hipotecario se ha dado la vuelta como un calcetín. El índice cerró mayo en el 0,287% y en junio se situó en el 0,852%, su tasa más alta en 10 años (en agosto de 2012 se colocó en el 0,877%). Eso sí, la subida queda muy lejos del máximo alcanzado en julio de 2008 (5,393%) y no todos los hogares sufrirán el cambio de signo.",Manual para sobrevivir al calentón del euríbor,https://elpais.com/economia/negocios/2022-07-02/manual-para-sobrevivir-al-calenton-del-euribor.html
,,
"El sol de la mañana baña un campo de Ibiza alejado de la costa. Las cabras pastan, la particular luz balear pasa entre los olivos. Róisín Murphy (Arklow, Irlanda, 48 años) se ha construido un nido en lo más profundo de la isla. Por alguna razón, Murphy e Ibiza encajan. No deben quedar muchas discotecas en que no hayan defendido los éxitos de la cantante, y el ambiente general es propicio para el trabajo creativo que, al fin y al cabo, es lo suyo. “Al principio no me convencía la idea de venir aquí”, admite, con marcado acento irlandés.",Róisín Murphy: “Los gays entienden la opresión de las mujeres. No se detienen ante nada”,https://elpais.com/icon/2022-07-09/roisin-murphy-los-gays-entienden-la-opresion-de-las-mujeres-no-se-detienen-ante-nada.html
,,
"Después de un largo día, no hay nada como entrar a casa y descansar plenamente, y qué mejor que relajarse en un sitio que está limpio y que huele bien. Los ambientadores son sustancias específicas que se utilizan para perfumar un determinado espacio. Se pueden poner en diferentes sitios como la casa, el coche, la oficina, etc., y vienen en todos los colores, diseños, y en infinidad de fragancias. Hoy en Escaparate queremos recomendarte los 5 mejores ambientadores para casa, así que no te pierdas la lista y prepárate para disfrutar de un aroma único en tu hogar.",Los 5 mejores ambientadores para casa,https://elpais.com/mexico/escaparate/2022-06-26/los-5-mejores-ambientadores-para-casa.html
,,
"Aquellos cuatro días de julio de 1997, ciudadanos de todo el país tomaron las calles siguiendo la estela del pueblo de Ermua, en protesta por el secuestro y asesinato de un joven de 29 años, Miguel Ángel Blanco. Una movilización social sin precedentes con un claro objetivo: la defensa de la vida frente al terror de ETA.",Secuestro y asesinato de Miguel Ángel Blanco: cuando ETA perdió la calle,https://elpais.com/videos/2022-07-09/cuando-eta-perdio-la-calle.html?autoplay=1
,,
"Lo que siempre fue posible, ahora parece probable. Los indicios que apuntan a que Vladímir Putin intentará precipitar una brutal crisis en Europa con un recorte abrupto del suministro de gas de cara al otoño y al invierno son cada vez más consistentes.",Putin intentará estrangular a la UE,https://elpais.com/opinion/2022-07-09/putin-intentara-estrangular-a-la-ue.html
,,
"Era una furia de la naturaleza. Impetuoso, con el alma de un ser indestructible, violento, abocado a reinar con puño de hierro entre los asociados de los Corleone. Por ello, su muerte, la de Sonny Corleone, no podía ser de otra manera: centenares de balazos en una emboscada en el peaje de una autoestopista. Borbotones de sangre y explosiones por todo su cuerpo. Más que un asesinato, una aniquilación del personaje de El padrino. La de James Caan, que falleció el miércoles por la tarde en su casa de Bevery Hills, según ha anunciado su familia en su cuenta de Twitter, llegó mucho más tarde, medio siglo después de aquel estreno, y así ha dejado un legado para el cine de títulos fundamentales como Ladrón, Misery, Jardines de piedra, Llega un jinete libre y salvaje o Rollerball. Su físico, su espalda completamente rectangular y sus andares de estibador encajaban en papeles contundentes. Con eso y talento ha mantenido una larga carrera, solo interrumpida por sus problemas personales en los ochenta, hasta su fallecimiento. A sus 82 años, Caan se había convertido en otro de esos actores míticos de la factoría Coppola, y en un tuitero que compartía fotos de sus rodajes antiguos bajo un lema: “End of tweet”.","Muere el actor James Caan, célebre por encarnar a Sonny Corleone en ‘El padrino’, a los 82 años",https://elpais.com/cultura/2022-07-07/muere-el-actor-james-caan-celebre-por-encarnar-a-sonny-corleone-en-el-padrino-a-los-82-anos.html
,,
"El día que Octavio Leal Moncada, de 79 años, fue capturado, sus seguidores respondieron. La capital del Estado de Tamaulipas, Ciudad Victoria, que no suele aparecer en las noticias de la prensa nacional con la misma voracidad que lo hacen otras vecinas de la frontera —de las más violentas del país— fue sitiada el martes por cientos de hombres, algunos armados, tras la captura del líder de un grupo paramilitar poco conocido a nivel nacional: la Columna Armada Pedro José Méndez. Esta organización con nombre de un general de la Revolución, que apela al patriotismo y a la defensa autónoma de sus pueblos, se ha convertido en un poderoso agente político y militar en la zona, ajeno al Estado. Pero unos antecedentes de narcotráfico, poder político y sangre les persigue.","La Columna Armada: una historia de narcos, autodefensas y caciques en Tamaulipas",https://elpais.com/mexico/2022-07-09/la-columna-armada-una-historia-de-narcos-autodefensas-y-caciques-en-tamaulipas.html
